Train_NMAE(%),Test_NMAE(%)
5.7773659996586195,13.678927316708359
